creator contract address, number of ephemeral contracts created
0x2bf1623d81cb355211d7aa8170e7c887eefb4ffa, 62
0xc0f6670fb9cdfa8bc2f4a4ebd181a9cf69754fea, 122
0x36049d479a97cde1fc6e2a5d2cae30b666ebf92b, 582
0x66a20c2045229734bc569e709c6302b5c45c77ef, 6552
0x0000000000bc14115f9f67fde839f285667437bc, 1
0xbb234110d70092fbf650d8902a09f673ab1ccd1f, 25
0xd412054cca18a61278ced6f674a526a6940ebd84, 191
0xc3d2df5d5c03eef6e678acb3c37908ce60be115c, 2
0xfd7daee32f93e265ef915dc8866e03825d3f8dfa, 10
0xba7e96821f69d9ab74bdbbf205d7f3ac93ae7dd4, 687
0xc632a8b810768a3994963523f4f47c2485e7a101, 2780
0x81abf3a16abcf0f3c1653dfa15f28a2109368f72, 562
0x00e5cf9513986d3eecc465dc240069beca154312, 265
0xafe87013dc96ede1e116a288d80fcaa0effe5fe5, 1
0x60d184a404adbea082f9dc20f9bc56b13481c362, 1
0x2b6c859a4f1f380415ceaa8b3b54c66b9a893e64, 19
0x362d9a1a4e727aadde19f5be44f11ddf56a30c32, 30
0xe4de5c4574cb9d49832f5d3f3b1b99195cc4f4d1, 46
0x9a8b1847b74de49871b699dce6484d04fd5ae779, 7
0xfcf5c41d751542f780b4931925635e1625a95b7d, 13
0x9138b84f75d756f0a9af55db46496ea191062618, 12
0x16a893f27fdb30cc05d8fd7a333a5ab841461658, 22
0x98341d331c536106dbf783f70a0aa83d569de098, 1
0x30b84dc1a46c58e0bcfe6aa9f74042dff159277a, 1
0x206548d60d891aefc16cf899af75e3527148941a, 1
0xbd2a43799b83d9d0ff56b85d4c140bce3d1d1c6c, 1
0xab6b9990de3c7a76ab2a2d8c6c2d74a7924e920e, 2
0x9558a41f924bd0fbf2f6857dc248a25ff2ed3a7d, 1
0x0e860f44d73f9fdbaf5e9b19afc554bf3c8e8a57, 1
0x72ffc4810fdb4747d164be977025427a8085af16, 11
0x5ec1532b37795c6b0a85a2117947658bb06ed3e0, 3
0x3f025abc1475eb489ed8adbd315b7bd3c27375c2, 1
0x872e239332d13d6b29bf58283906d92fb2a7209b, 43
0x2e95b91fa678b47660aba811b74a28ca1f4ed111, 1
0x3292818db514da53c566dfb791b12a4f78462d54, 1
0xfe543106a3d997a2da35ef51b6efaa80067e806e, 1
0xc51bdc9aebba23aea787d6e535e2725448d36e65, 1
0x4287230914dcd9b686b52e53f2ef476baf8e5a19, 1
0xbc82ab5a82235bb0166668cbb1c2b3a07cb99624, 1
0xb2d6cdfc19904ef4a207d0075a6e3c9b1a0fa64e, 1
0x5567ca4fcbb866dadd40f0f8f61daa755225e868, 1
0x38c40427efbaae566407e4cde2a91947df0bd22b, 1
0x32d77947aaca79fe5485560c16090721725f2b84, 1
0x339ab752aa3a19e8bb7dc77fc021defbb0bdd3a3, 4
0x7bb952ab78b28a62b1525aca54a71e7aa6177645, 735
0x847932b826c6056cc08571c07f942148a8531ca8, 3
0x954f1d97ae9c4a27d012e70ccaafde29822b3f2b, 1
0x0fcbc46a1a85ff876467dfe0a991439287a43362, 16
0xa258d65e7a9ed54832cc84ef6ac0be75c90b909a, 69
0x6b2b69c6e5490be701abfbfa440174f808c1a33b, 1
0x9b9c0b1762c7d511eb078886bbbefacf11c6d03d, 15
0x35e918001f3731dc429cc6c5402bec40f5fc878d, 18
0x9f88ab53fe9570665cdaae88553e1706315d80a5, 45
0xa749a828a312042d42a7a87bde2f54432a045b90, 470
0x3412575e3d0dad117cb13b7a7d9f39e76bc4a045, 50
0x8676e1fa57dae46e3ae3e937b0d0e64de7780275, 1
0x7ed6389e3f287fc51908814af312a47edaad3cd0, 8
0x66be1bc6c6af47900bbd4f3711801be6c2c6cb32, 31
0xb2a5114253c174f74730d2e246bf40d3dba5ab22, 64
0x9b8c0ee6d9b60a6fbf808fa6e7220200d5e99bdf, 4
0x702605ece13e64bcd6ae7d81e2eff48308da95cd, 5
0x0000000060f4c67d48a6ea61f500f13f7c8a9bd4, 3
0x2841bf9c63e2e607a01f9d92c7f212aa0260e69c, 1
0x2bf5693dd3a5cea1139c4510fdce120cf042c934, 5
0x13debb53af52e1d799427349c20a1b5ef3b47907, 34
0x8bc110db7029197c3621bea8092ab1996d5dd7be, 1
0x000000000000084e91743124a982076c59f10084, 2
0x88c8afdb1e79cf9ecd015de4559adc26a00b9321, 4
0xfc0f5114c9bd93b84598d836e4b0bdfb2eb2b1e1, 202
0x94c74698a70868ebf65806ee7acb2dd2659c0bc2, 10
0x0b164f39126b0fe5d9e06d57dca7a36a16eada12, 55
0xdf66fac2d1c8a7b511648ba35e80bc4aeac39eb1, 5
0x4cb34990f51a3c06e5809746e62f290dba99f09e, 1
0xf34c62ea36be228f7c75a4880d47f530d8b1e48c, 87
0xe21c4f022389cc9ae317de55d08325f4e071c421, 4
0x424464fbcc9b1e73fb769eabf17ce64dd490579e, 3
0x210ebfe09e291fe546aac12d63a5c17dd3cd8b77, 1
0x3a20f8109be216c79bb1ff0c27e19389fd8d51fc, 2
0xa95baf5ef81707aa56625a9302a7f7d3aaf12ef4, 1
0x33b2f14f989f7d8b2a7f9beaeec488b2fa2e6755, 1
0xb69fba56b2e67e7dda61c8aa057886a8d1468575, 1
0xb09c0811693460acf154d8387ef19d5b56379a52, 1
0x360082623e4236d5dee68caa825f776fe3dc90e5, 8
0xff08da5add3e994788a572643dc5a91eaec0636a, 4
0x50600e97a1a3137972f7bba836d4ce3a77b26139, 1
0x5de51add3bf8eb2de2d890e1a62e13cd1cce626f, 6
0xa1799b1fbb83a29233595245b5777fdcff1b5fa9, 2
0xdff832f6988e4a9e3fcfbff4cc24d052143aba0e, 14
0xb61c40e5ccfa73aaa0d6335497dbeee6ca1f2087, 92
0x351178ffa9bb42121a8f3fa2975ff95ec43c5875, 8
0x93af815da5c193c6aa9b98108bae7253893446e3, 3
0xc77ad0a71008d7094a62cfbd250a2eb2afdf2776, 2813
0x3f0a7afc706dd3c55e4976188ea5dca77c6fdb03, 75
0xeef61606b0b4e35471189885e33c35589d5992c8, 4
0xc5086574a99cb22389b147ab057a9e953d7e5d60, 7
0x992d4b5b0c080e399a0ba8db194e8e3b3db6dffe, 1
0xf7438b36346c7c2b674797449ca85c082a961a06, 1
0x983b45f89198b3356e81bc09a0fa1933bbea1d76, 1
0x865518142c5a6925b9a2b4ead261644e8e7d1aad, 294
0x222f15ec4291fa4d62eefa4dba95495c3865a719, 20
0x3311dd5f7e11486ed37c81b73b2ae297f12c2ba4, 2
0x42691c6e35edb7761778a34e952f702cf6870bad, 1722
0x39c40c8f040cf363fa3cc6ed379dced87f318c36, 812
0xc599c18f189d8c0058f646f46d12bf295e1c7ee7, 5
0x37319da0adb7eb68787d29ceb1fc3fd42f816dd2, 1
0x90220ce3a76e83f562ef0c8d0c66ace07c20fc75, 1
0x59cd0eb8ccb33fdbcc1d765c4e410f0079ad94b9, 3
0xe1a9cab93b638b96e4e24a47494199043ba37af8, 7
0x700aa411874fdfc25e05483ba5514b8b67e60242, 4
0x4b5cf8e39ee2b6064b7249b42624eb49746a0352, 1
0xec3f794dbbd480387c9b0f3cea09466e9880a908, 1
0x04431a7c0cebbbcb03d6b3688ead34cdb4603bac, 14
0x4ed2c70c33673985a0417a8b34d7ba456fd607a3, 1
0x245fdf7e9158ddf7478300f91b8b24eff9156092, 1
0x47d2fac4cb1c8f489fb3179d04af55876334000f, 3
0xf52f2608af7b61782a69e6314a4ceead1109604b, 14
0xf56a70d8362a043555a31a7056c29fbfb0cbb14c, 103
0xfcae399ea757ddf0a4020198c59bf2270c2b05be, 1
0x3934ef37fd0ffbfa16563462ac6631b05b384653, 696
0xb2d0e6e0c86e710c39d767f2559c463df277ca7b, 165
0xc3c0515d5fb6407e167c58274d325a5aec64e9b5, 1
0xca70e84605ac9461c94aa7a7fd57cfa68651b0a0, 8
0x3fe30d32616f84cac4986aab2e4b88f7192df56d, 6
0x93b2eb97650fe6a0bc4c2451abb2e94f6a9b1f5d, 1
0x31d64a2e3c5d7800869d2367bd0aa7eb042ff178, 1
0x45bb688377a379fc9a5816b0b32501dfcafe15ad, 2
0xd2ab2e8b235eea6b8a210bff3f7c2a7d847e6e1b, 44
0xa6439ca0fcba1d0f80df0be6a17220fed9c9038a, 1
0x417457fe7bebe1e34acca5aac0563a7ee213ad76, 9
0xdaee11e46e037358a0261f67fdb18307a379ffc3, 1
0xca0840578f57fe71599d29375e16783424023357, 3
0x17c2ea67dc5a3f456eb1315f31fc7306e51c81c1, 9
0x9998569436887938287223231949815647232697, 1
0x5b1b0349b3a668c75cc868801a39430684e3f36a, 1
0x62c879def6b5fb133e5be6097468b1f66ea9b793, 1
0x432dd61660f870ed30091e55df65c66570e0bc25, 2
0x8db710c972502686d2d0ac8b13c12c5661e5d49f, 49
0x9791167d0c90b4750406aef1af374141d1b62d44, 1
0xbe4a176b0d18f1e158cc1a833383212f68327b51, 12
0xb4eac9483fa99cb903aecbb7de3ee2cceda71036, 4
0xa55a0b35d5c0ae9d01aa50e15f7dc0e5668fc9a8, 1
0x8be990fa5e5328a632f3538c70bf00655e551ca6, 1
0x7ac9368773c8d985c785ddda1964fa7c082cf89b, 12
0x4a60e4c69586cf8d46e980fe9a1b46ceca6f494a, 1
0xfcaa7750944a6df52eb5ec60a5a8163e91596df3, 7
0x8a8daf9da02f443892680083b1b0e84b6ab0e810, 30
0x1c19f378149aeee4d74dfbd4f762830e2820353e, 30
0x8e368ccf082602cfc7ef4afe43dcd9b786131b03, 1
0x7170a3c48e49b109d5795d31995fd66dfeda437d, 1
0x803918a600943a1b246e0bf0f9b23d3e30037b01, 1
0x1bb2026ef529972e28c9892ec795c4558e8848f2, 20
0x142c1ac0662771c87a879e0d4c993155ac825781, 60
0xf14df043d949fa94a2f404ef56d0f551de47369e, 1
0x86cd8e9fdf0165f0e19d73273458ed24bc878be8, 42
0x5e51be2857966fc1963da8e6ef01aab48b56eafa, 60
0x1bd7d8ec6d524b7ebfe227a07cc41b41119f6436, 1
0x2423b8ed9e9e7ccdddabd6685cdf579f85b9e9a4, 80
0xcf409ab29222a145caffdef52825839ce0e8a135, 10
0x9072e2b700348c52d1a2dc8351c83b33cd9d71d9, 2
0x196bdf7025089d33f65b133ebcfc276c01e229dc, 22
0x5e18b1b6658142fc64405ac2b59d4226640d8e0f, 2310
0xe87aba0c373bc536d10aac6e4751bafc00d60683, 3200
0x419a7356dc08bf5a20d9f660dee723ecb9345b72, 2433
0x8c4a7ce81a551f00fad2eba1d54722984638c473, 34181
0x455f2db9cdd5b96ef739025347948c3991c9bde1, 10
0x809136ce6a15cc4c2dc978374f094f135b415958, 29
0x64eb82e6353faf423854f59cef89096f0ac05a88, 232
0x4870bb39cc3ebfb14d82aca6ceb105e277227454, 1
0x4b6572f123ef3d86b6bb8e59371cdeca394e19c4, 31
0x8667324fe2867e944211581335c9402149a68475, 3902
0x841c47ddfa2a9bfc5712f9689e07e388275c8af9, 2
0xb0bdc026b300506e5e8cca73b52ceb40253b3610, 4
0x3705008aa87e937b3240b0139222c3ca28d22f2a, 26
0x992ad73ae6b3b2b3911c0f77f056894b6a2ebba5, 3
0xc53c2d5d0cbc305d9a8b5688d667541cd8164597, 6
0xfd9099d00789a9df38508dd9f8bd4d5058193e85, 305
0xbb40fd0ac6a848c4ffc4facc1142f4dd24aed2dd, 20
0x39bdc95ce1aaa38e055d08750776a2696e37f9fa, 57
0x2dc2dd277316803fcdff782d77dd3a0ba01d76dc, 10150
0xe33bf6749eb872c30de9ce704ada91a6841852e8, 24
0xd1ee7d757eb998a97b507846a38ba6ffac7933aa, 33
0x3aa7ae31f8b555ecff9b45eb382144aed597ad17, 2
0x3460dd052e61c9e8cbfe1435d1d279c39303aaa1, 20
0x5c6484ee95b133075c33ace50c9693c0234a1962, 2
0x27be511e558fe24458da97e1a087c0e6a6e1029b, 9
0x89ab161a733314c6512d10166251bdf679ba8d9a, 4
0x725919ab6f6773adceb00de9160e6e32cebc1e05, 680
0xa83614193d221c7d08a77baea5025af1fc681689, 2
0x55753d9aed77ad0a3ee3935d693620ab6b6f66a1, 12
0x3a3288f5e12ce4460632ce270c11e2f3a17d21dc, 1050
0x0df958fb8a936e49a451a44319f20a7231bb3607, 1
0x9332e2ab4db88ce5aeb270059594f3666cb98356, 50
0x7d5915a7231c06ca352fc0124ec904c70299a07d, 12460
0xb4aa1b9d40d35dfc780f0a0b4dec93a60c1cd976, 3400
0xecf9f4fd6b168aed6d01a7b96e1abaa0df1aa7c7, 1
0x1af9de68e7c334ade84361ce8d7c640091475348, 1
0xc23dd93e53a49422abf81da2e5adb96de0ec4b06, 20
0x3668fff9416fade4831d2136cba30e74557e2198, 1
0x97e3d3b3df67a953d2f796a04e6021290cf6b77a, 100
0x9274e81fabf648f5fdf408a5725165620c026922, 2
0x2ba5d3e536ebf735ccb311149d6a4859c772afc5, 1
0xe453b049b26ced8fd29a399c60213507667fed41, 2
0xd91a2a3feaf2df55adc133d115812c6727c30fc7, 20
0x8136d8ad4011e04cab69d9d27844ceb2547a8368, 8
0x30152275fd6a5073b84fe872ad1f0a77552cebdf, 230
0x3f615ba21bc6cc5d4a6d798c5950cc5c42937fbd, 3
0x190a933ce7ec885601c75dd95d5d1ee3fbbd37ba, 1
0x2657cb1671bb08ec8c0928fdf4670d76ec05a187, 290
0xb6a49fe3ddc1ecfa7c28f6882e2e1f92d885df1a, 350
0xda2787c2c8859bcad2852fbf6e011f23600d8ca7, 259
0x209e5f3addc2b61c0bf900d9ea73091b39b3db08, 3
0xfd3993f41d467bf83d3336f041ec7d2674a13102, 2000
0x7b4126028372999d63ed0c58dd2bcd603c70e403, 20
0xc67bb6b22ea9516f52ce7639f52f2ff70b2c3592, 1
0x138dd6d5d403628fc1d2db31bf832ef298f56cdf, 1
0xbd77f2a4be21f0282daa14dcbe6881d578dcd2bf, 1
0x8e2dc6d9318eedda52335afe8ef4ff1cf3883cae, 1
0x454771edd7145c7110fae23c41eb209739362f22, 1
0x225f88eba1930822edd4f5edcaf0cb4df0a0d6b2, 1
