contract address, number of existing ephemeral contracts that were created
0x00e5cf9513986d3eecc465dc240069beca154312
0x04431a7c0cebbbcb03d6b3688ead34cdb4603bac
0x17c2ea67dc5a3f456eb1315f31fc7306e51c81c1
0x2423b8ed9e9e7ccdddabd6685cdf579f85b9e9a4
0x2657cb1671bb08ec8c0928fdf4670d76ec05a187
0x2b6c859a4f1f380415ceaa8b3b54c66b9a893e64
0x2bf1623d81cb355211d7aa8170e7c887eefb4ffa
0x35e918001f3731dc429cc6c5402bec40f5fc878d
0x360082623e4236d5dee68caa825f776fe3dc90e5
0x36049d479a97cde1fc6e2a5d2cae30b666ebf92b
0x3934ef37fd0ffbfa16563462ac6631b05b384653
0x39c40c8f040cf363fa3cc6ed379dced87f318c36
0x3a20f8109be216c79bb1ff0c27e19389fd8d51fc
0x3fe30d32616f84cac4986aab2e4b88f7192df56d
0x424464fbcc9b1e73fb769eabf17ce64dd490579e
0x42691c6e35edb7761778a34e952f702cf6870bad
0x59cd0eb8ccb33fdbcc1d765c4e410f0079ad94b9
0x5de51add3bf8eb2de2d890e1a62e13cd1cce626f
0x5e51be2857966fc1963da8e6ef01aab48b56eafa
0x7bb952ab78b28a62b1525aca54a71e7aa6177645
0x81abf3a16abcf0f3c1653dfa15f28a2109368f72
0x865518142c5a6925b9a2b4ead261644e8e7d1aad
0x872e239332d13d6b29bf58283906d92fb2a7209b
0x88c8afdb1e79cf9ecd015de4559adc26a00b9321
0x9274e81fabf648f5fdf408a5725165620c026922
0x9a8b1847b74de49871b699dce6484d04fd5ae779
0xb61c40e5ccfa73aaa0d6335497dbeee6ca1f2087
0xba7e96821f69d9ab74bdbbf205d7f3ac93ae7dd4
0xc0f6670fb9cdfa8bc2f4a4ebd181a9cf69754fea
0xc632a8b810768a3994963523f4f47c2485e7a101
0xc77ad0a71008d7094a62cfbd250a2eb2afdf2776
0xd412054cca18a61278ced6f674a526a6940ebd84
0xd91a2a3feaf2df55adc133d115812c6727c30fc7
0xe21c4f022389cc9ae317de55d08325f4e071c421
0xe4de5c4574cb9d49832f5d3f3b1b99195cc4f4d1
0xeef61606b0b4e35471189885e33c35589d5992c8
0xf52f2608af7b61782a69e6314a4ceead1109604b
0xf56a70d8362a043555a31a7056c29fbfb0cbb14c
0xfcf5c41d751542f780b4931925635e1625a95b7d
0xff08da5add3e994788a572643dc5a91eaec0636a
