redeployed address, number of redeployments
0x000000000000006f6502b7f2bbac8c30a3f67e9a, 1
0x000000000000294a0d3b43ec78199a84587ae012, 1
0x0000000000007f150bd6f54c40a34d7c3d5e9f56, 10
0x0000000000036414940324055c43e75f56b7d016, 1
0x000000000003c42172c0bdd69d6afb6b0bf4b488, 4
0x00000000000a8111c431de6f303ab4b4e983c28f, 3
0x00000000000f45b418291a68f2646d0b1a303a1c, 5
0x000000000024d69389bdaedde9131cf82bcd36b6, 2
0x00000000002664633b221687a4ec73d78328d4b2, 6
0x00000000003503bad07dc2c8027052c5880d46cc, 1
0x000000000035b5e5ad9019092c665357240f594e, 6
0x00000000003b3cc22af3ae1eac0440bcee416b40, 5
0x0000000000710a9c1f6db5f504be77ffb3b583ec, 3
0x00000000008c4fb1c916e0c88fd4cc402d935e7d, 4
0x00000000009c7f96284472465e1b5c44e8cfcda1, 4
0x0000000000b2b6d13c7e7e0873650d390efae1ad, 2
0x0000000000b92ac90d898eba87fa5f2483f32234, 2
0x0000000000c1a25dc67e6ae3556d3ce0f021d67e, 1
0x0000000000d41c96294ccdac8612bdfe29c641af, 5
0x0000000000e4cc48a5427ca0b9ed03b5bc501c97, 2
0x00000000032962b51589768828ad878876299e14, 2
0x000000000755567f4924bf483bdf5a53ebc8ef64, 3
0x000000000bdbd514fd0ebb5b5773e006145d5140, 3
0x00000000500e2fece27a7600435d0c48d64e0c00, 3
0x000000005736775feb0c8568e7dee77222a26880, 7
0x0000000099cb7fc48a935bceb9f05bbae54e8987, 2
0x00000000b7ca7e12dcc72290d1fe47b2ef14c607, 1
0x000000e1fddf4fe15db5f23ae3ee83c6a11e8dd1, 2
0x000000f6980ca3192a564db0904c24650f004eac, 1
0x01ff6318440f7d5553a82294d78262d5f5084eff, 2
0x021f65025c37fedff2edf00d9623f79b76d9f2f7, 1
0x067557a489b6c804a5fd4c725f2de519d30b1ef6, 1
0x0901b772ab285c791dcd8e556fba422a377caf85, 1
0x0bcfcaa1966b5ba7f12e42216d89bf08ff7bb5ea, 1
0x0be5d32af543d92e490a6479c49e59c5e0f615be, 1
0x0bf5f71e4d9171c177743941f4aa7b627f53162f, 1
0x1078f4dda05f024127b0f7b6e41ad61ff83a962c, 1
0x150baf3d14e869b8ddf2e1b2690f23ac9c3ac7d2, 1
0x17445a08fca9c66418c0a5a7755b0edf347feb76, 1
0x178bc8dcddb93580b9277af1fa548a503865b64b, 1
0x18e3a468edcfdbb0adbac7bd252e8b4a3e3b7996, 1
0x19c9dcd598f751b68c50870d2f9567145004a450, 1
0x1b2e5a3f259c549480f3aae15b0304955cee559b, 1
0x1bc48939d0739ea3982f77cf35bb8c3a95c0a91b, 1
0x1cd3f152996512a38fd66d7f3f0e41cabf89d82f, 1
0x1e5aae0cb0ab08a421b9712fa68fc3704e55828b, 1
0x1f0e8acdbd55089e8e6eb6d6defbfc149aec1e46, 1
0x20346191467e417f1f9db394a0244eaad7c2fecb, 1
0x2411f1acfff0396ab2e673902cf88ac646c35df5, 1
0x2589cd62a7960b3f0d502cbf1663e7188dda675a, 1
0x25be950b26c04d2229d6069e9f6a531d170804ca, 1
0x27c2d4997fe0e6f14ea4691798d5921c197b3080, 1
0x284884b0dc471731e883a33fbdc317cb340a6e06, 1
0x28854db4355129b9f2383076f00bc80d136e6720, 1
0x29c96e87dc4c1aad3845e08b299902a615291c8a, 1
0x2a93f5cfca13bc97f8e59ccf8d0750b4907141d9, 1
0x2d59eba6f5cac058c684f1c4f770b53c3acec774, 1
0x2d8917f8b50171105893262db680b9b71f7abfe4, 1
0x2dde708cc609880ea2783a6a34db3fdd2e1d0ea1, 1
0x2eb8d760bcb608a863f104de721eade1b8eaf397, 1
0x3053385df88bc4b9ba9c09f5b0b656372ff51871, 1
0x313a53d5a9d668becba1e449ca19c5818eae1724, 1
0x3189765f1fcf9fd4ee14dacd17723839af365d42, 1
0x33a9d5de79ccd67a5a78d8d1173df89ce4caaa13, 1
0x34a396713fb93f0452cd03693e5569db456f86d0, 1
0x34acda05871e260ba3a0e4e4ab11506ee6991906, 1
0x36946c01c8c28c145541e91621f0d22e83e6a8ef, 1
0x36f9d71a52fd6a52244d6707005febab3d543c73, 1
0x395baea3b3aedf5c0ae5eaf472644a16d49880cb, 1
0x3a403132da511d972b727c4b73c76e72f1dfc3c5, 1
0x3d59aff0757906e92c212fe4cb2bd1361da1019d, 1
0x3e722297889abce350e207fb4de79cac3e215637, 1
0x415577db6a22cdee333a00d5362f3b163fbc01f9, 1
0x417fb32f2307ea60e0642f3fc9abc99c31488320, 1
0x41a2177c7f191bed7f19578a02b7098ad807d29e, 1
0x42ef94e5b22d6645e64bdf7d7a55638b0367b7c7, 1
0x43dea97e75237ba81bc806c7047b48321f19ab9d, 4
0x43df67b4a6ce6fba08bcd48a84abbf517074772d, 1
0x44607cf1b5d59e8ef2f66ce1bf0db28c2d975399, 1
0x44775eaf0614d1f321f5e05d74f38c19bb4b18c3, 1
0x4650f39f04b6234ecbff0986ae9552f24232e406, 1
0x46c4128981525aa446e02ffb2ff762f1d6a49170, 3
0x49307d775728daf1d4736ab762de0cefd035e323, 1
0x494e91e0986ee0f92a5d3ea6f05adeb4bdece94a, 1
0x499dd900f800fd0a2ed300006000a57f00fa009b, 1
0x49dbbc6d5138099d30545c013140eff3e976396b, 1
0x4b88e26a0bccb2efcb29cb5c1c3bf28c258fe2c9, 1
0x4bad941d49eac1972042f4c6a3482f7db93f82ec, 1
0x4bbe2f090d119fff1fdbdc2e7fdcd909602647f8, 1
0x4c629489d751f66aac2dd0e00e5672794907c2f8, 1
0x4ca5904cda2f49f2e4b94ca94f7fa401690f7d69, 1
0x4e57ac37f4b46d8d9b4e10cd4f58f7a8901c8f91, 1
0x4f39b37447dbc5c85ead1605fb820f4265373396, 1
0x510d8cc02063ea6f11b4802159c5a0ed2518abe2, 1
0x51b7b46706ba7d169fd5318a6d18a601abe3997d, 1
0x51e92dfc71ed6cdeec03d14c015e75ea8782ab08, 1
0x5357c45ec38cbaaa2eb582af1f00ba2609e35f99, 1
0x54023844cddefe5616aa72d42e7e418be3bad681, 1
0x588fbfb413bf4fbb6fb7a8e3c308e2aa75846998, 1
0x59c5d5a620aa91e7484f4f1f8408e1be62c1b0de, 1
0x5b232e56c70fa9cf8ee76c204772904edb8406f0, 1
0x5bba24164a58bc180b0b96aa8df8469b00541790, 1
0x5cf0a03d11a10e87eb71b6ac3726de47b01537f9, 1
0x5dc29c06e2332bd9d5d3f15050fcd7c677f7680d, 1
0x5df531f08001e7755076f186749bd2b35040bb38, 1
0x5e3e205c74dc54a8d6378cbc696f15b57591eb08, 1
0x5fd398f4d52af8a896d8b9f6edd21eb0d14cfdf0, 1
0x60ebf91d23ff8cb025d7d988dcea9bf0bf947674, 1
0x62b90f17cd417db143191acf6db41ad3a3ac03b6, 1
0x65c8b499802127c4d4d41d0190757425e3e3b8de, 1
0x68e5d4887d049932881802ca384e8391d7ffae50, 1
0x6d86aedb2752060f3d3c66085910f45e519190ae, 1
0x6eebffefbd9270ab63c528aa9e1954362a097e4f, 1
0x70526cc7a6d6320b44122ea9d2d07670accc85a1, 3
0x70b9a47930864b3f48ae0db290caea08cc5c9854, 1
0x719b1cf4752ca40da21bd6c05af8d54b14468da2, 1
0x73f1e6a4119f88f3c3ccb8aca29940333558ee3f, 1
0x75d1980b2deff9332a985799db077e1850faff23, 1
0x75e3b3ca877d3029a6f5fde2ffe3ad2bac028c37, 1
0x76412ba4c4a3fea897232a02b598cfd6f2b5ffc8, 1
0x767b8d8e933ee7d73c4f2ee1f7897cb88203916c, 1
0x781880bbfdeef2a7019580f2cbafeb406e5845c0, 1
0x784c041ee8d58f26c55adda0ea6c68aa4abd49cb, 1
0x7966ae059d3b6a0857c8959bfa243e4213dd69aa, 1
0x7a13d2300c3b752a39418b6cc2c010b545292f22, 1
0x7cd64f33ca21e12c477d1e462856624b6ae105c2, 1
0x7cf09d7a9a74f746edcb06949b9d64bcd9d1604f, 8
0x7fee16d3f1a3e39283ea1db1fe7d0489545e7a18, 1
0x827eb8801a2ed6b7fe30084f139274a2c910e4a3, 1
0x839831dbe92fb8407ba976f15ece301a9b832555, 1
0x8433c4230b9e77d792baa94d3b9dfe1edd3ef0da, 1
0x84920f8da24377eeb19305cf2c66f4fa85409f2f, 1
0x84c1ffbff2110add1fe015bb859689befa12127a, 1
0x86778f21d0bcaf2e0387075fa7fbb0cb1d2f7440, 1
0x8829654532c5f997f9d93cf762421da6d531d17e, 1
0x8a3b203005dc52a7a2ce6a4c06305221072a6fae, 1
0x8bca889610557e3df44241752553bd0df728d5a7, 1
0x8e4b03f866a1a32f80b1420a7eb064aa1f6fe0da, 1
0x92740c256bb6e1264efd1b6c7ca4b8487b2cc95b, 1
0x9323cf7eee75f3f73e7fdefa0d4aad92c1fc3019, 1
0x93714d816cd86e64f76b3f7e18fd3e08bd4033aa, 1
0x93cdb283aab917428244e9fd84c62f97c36d2fc2, 1
0x956ea1e9dadc48d18235fd0f30ac3580fd761c20, 1
0x967118e8cd8595d539f01358b232293acec968de, 1
0x96d36a886e6dbf782600229fa772c41608cf5586, 1
0x97a51e206f252e7f26538b02cd49d5b950feeb32, 1
0x982b40cc236ebd3b272b89d53d274d9717c265a2, 1
0x985d423c0406e5942351aa1b11fcdc77ec132d0c, 1
0x9b879081b19bb4a47464bbecf316f7c19eb218b2, 1
0x9b8933bc5aee54341751fd427da53f3ad8f70d65, 1
0xa1006d0051a35b0000f961a8000000009ea8d2db, 3
0xa15e354f715ef99337c0bcc27ca8f982d1da7a9f, 1
0xa1675894573a98fd21f6f63463a076da2d5c60d4, 1
0xa18139f4ce115de4bc23e8181566f012d374a8aa, 1
0xa1ee5a915e3fb8771b411f9548f4ce7c249829c9, 1
0xa405e822d1c3a8568c6b82eb6e570fca0136f802, 1
0xa563f928e9cf4ca7a222082b6e1a5583b6b73ab2, 1
0xa581c879d27aed3caa224fd4f02cb58a88149063, 1
0xa76ef9cbb99b2c708f137d0f9cd76d796977e691, 1
0xa8006a4f9ab48b1c12a0269e308c0f6ac5045c9c, 1
0xa87edba648ed68db1fae40817ff20e482119ff54, 1
0xa8ab5678308d28077c66916cef097504552d31db, 1
0xab0e5a047348b136edb4c88b542899b7dadffd98, 1
0xac3ce6ae3c31bfb4a6b79625b3fd11beeee99338, 1
0xac9e77f48e8916c21a35083891e47b9e731e2525, 1
0xadadf50277a86fb7d15a5879494db1c52ef8f007, 1
0xb1c94d55b6a1a618ccfe34ae0cb81ca36d415309, 1
0xb2e28c42c881562e0319eeca6cf9b7ca2ca58f06, 1
0xb3437ec42e7336a2d815a8221a42212ceb7cccc5, 1
0xb3fcd22ffd34d75c979d49e2e5fb3a3405644831, 1
0xb6211d483a5d06126712a9739a16972267f9e4f0, 1
0xb642e5684bdfec1177374916a441761bf70e739a, 1
0xb6c0488e8824e132dd8c42e0438da4578b8558fc, 1
0xb791cd169339fb619c4e12ea5072da7375c4dcd3, 1
0xb882d912eadc0282e99362013f61c751a2224750, 1
0xb9502b1f8d97c76179bab7723081e544e8634703, 1
0xbbb1f58ed25692b54870234db7af9c95ed4cd213, 1
0xbd2806016dad1396e8ccda7dc5009bfd914f30ad, 1
0xbd416b8cfa0ee4ef46101e6a4dfef536a80a68e0, 1
0xbd45a8e02ac3e35682fad1ebd5d91ed7befd5ba4, 1
0xbd7cfbf70cc3d4769a51e072cc940c8c0137e9e0, 1
0xbe3a052486e81806870e4d30c76bc35403822d8a, 1
0xbedc70256349ba5a6c9a812a194a8dfa68b5c5fa, 1
0xc10189ecfce2c16084c2aec9f352cf5fa5cfeb9d, 1
0xc210a8d39d0d977e9a2f16129c8928f321f9f3d2, 1
0xc2a6ba463dd05556640c8b744ca58117f98c3a14, 1
0xc32c78600ddd95125b5c2d581a52b2a0d8b497e0, 1
0xc42462665f523c0e6ef57a6ba56e60e1cd667231, 1
0xc60223df7e3f1f28a67f72eaec93d2e89529a9af, 1
0xc70931c40b89145f73fd6692e8ab6dd84969760a, 1
0xc7cf92562d5d1548a34d38d3570250befcc89390, 1
0xc8dbb5ed9d1004cdfb418f06819861630be7e911, 1
0xc94028bdc33f1e3334fefe06f95dc5a7f2b82113, 1
0xcb8e9313e2d4290369222ab9395659afd8b94f06, 1
0xcbc6294d08d673fbd93fc3f9d591d9f9ddd87a2a, 1
0xccc52c210f26a3ad630883cd494ec5cdedfd2bd0, 1
0xceb21988234f0f65b7b784d24e36f886e514a658, 1
0xd011a4efa8cc8351d6bee8e679c97c8634187cfe, 1
0xd08712a5b5a1441f071587b7599113386cc9956c, 1
0xd0d68247a1fc28ad5bea3abbebd7b11c9760cff5, 1
0xd32729ab4e396ed57ae8fa0d2f114b5d6c16cb99, 1
0xd370d704e025313d0a8a1fd5eaba678e6efc9902, 1
0xd3d63a5225733eec4f8866ffb9452d84273d6b1f, 2
0xd425d4acf0ea5ae493e8fdd0c8c4f371dcc849fd, 1
0xd6548e651b2066fba9b4eeacc29e4d608fa7df0b, 1
0xd6bd5149a2d797350190c8140c24e1d3e4c25ea5, 1
0xd9a83c4b4dc657e194beba0672dc238eb87cee5a, 1
0xda9f59069a54b6c9a6f2147b89cd3655014df7fc, 1
0xdd2de8ccdd519a79dcb676166416bd9fcc661ad6, 1
0xdd6d3106844f2f7ab3d357801c2df3e8b0634051, 1
0xde6b7378075993657725e78642415580ba1badf8, 1
0xdf283364c80a7f2d3bd59a4be59aed55d5f358f3, 1
0xdfefb1cd64ef8343ed863c0610fc31ab8d88e335, 1
0xe1684a0eb03b1107c93463d49f2f58382a6c091c, 1
0xe3c657261b632cb8b8267a63027b2b9a4dbe538a, 1
0xe721e151fa564dabda13f61bc2bf4add4efa2354, 1
0xe7bdf565e2dd958852941b2aa9b2ed80c8e9b9e8, 1
0xeb41ea7d9b3c0c7b1b5d1af0034e675f9d297a08, 1
0xec9a89d0d644e5bb0445f556cb73b51f489e1580, 1
0xedf3608e4c6c358823b034c0d4377814f94a4f54, 1
0xefda3031a14ddb08bb2d02b4f5c9b45845a21b61, 1
0xf098066678d392ffa8771663e67c70e7c0e17af9, 1
0xf228d1029ff056be3c33d041e224dcaa07c78f3f, 1
0xf29f8288905e5b52cc62bf2df8d5b07e32da6bd7, 1
0xf2d47e78dea8e0f96902c85902323d2a2012b0c0, 6
0xf4a187f61796b1959d1bf795bc16e9d4cb54f70d, 1
0xf664762566820f1aa4fe76444bf294709f094143, 1
0xf80fb8c503d5f75032b9f67c5a52d2c8e2973f92, 1
0xfa58309a6ab0e6dff14074be7a25389653703b9e, 1
0xfac456820c15c94f2943a5cf231c5897d97cc471, 1
0xfb6e51396b4107967357bc2d644aac8647013564, 1
0xfb86f29b2f163f74c1ff01a91ddbe65543094449, 1
0xfcb4a2d280d240967b1662249a31454886351967, 1
0xfe6e7e8cee255396883093374f6842f22b583531, 1
0xfe8491fd5b3212f28f318012b987fbd7b07fe84d, 1
